Workbook

Sheet Checklist Execução
A1: Checklist de Construção — GesTec-IA-Odonto (MVP Fase 1)
A2: Etapa | B2: ID | C2: Item do Backlog | D2: Prioridade MoSCoW | E2: Semanas | F2: Status | G2: Responsável | H2: Data Início | I2: Data Fim | J2: Critério de Aceitação | K2: Observações
A3: Etapa 0 | B3: BL-001 | C3: Multi-tenancy, RLS e RBAC | D3: Must Have | E3: 1-3 | F3: Não iniciado | J3: CA-Multi-tenant: nenhum dado do tenant A acessível pelo tenant B, testes automatizados no CI/CD
A4: Etapa 0 | B4: BL-002 | C4: Serviço de Entitlements v1 | D4: Must Have | E4: 1-3 | F4: Não iniciado | J4: CA-MOD-2: ativar/desativar módulo sem deploy, efeito em menos de 1 minuto
A5: Etapa 0 | B5: BL-011 | C5: Auditoria LGPD Baseline + MFA | D5: Must Have | E5: 1-3 | F5: Não iniciado | J5: CA-LGPD: todo acesso a prontuário gera log imutável; perfis não-clínicos bloqueados
A6: Etapa 1 | B6: BL-003 | C6: Cadastro de Pacientes | D6: Must Have | E6: 3-6 | F6: Não iniciado | J6: RF-010 + CA-Usabilidade: cadastro completo em menos de 3 minutos sem treinamento
A7: Etapa 1 | B7: BL-004 | C7: Agenda Multi-profissional | D7: Must Have | E7: 3-6 | F7: Não iniciado | J7: RF-002 + CA-Agenda: conflito de horário bloqueado em tempo real; agenda do dia renderiza em menos de 1s com 200+ itens
A8: Etapa 1 | B8: BL-005 | C8: Agendamento Online Público | D8: Must Have | E8: 3-6 | F8: Não iniciado | J8: RF-004 + CA-Agenda: agendamento público reflete na agenda em menos de 5 segundos
A9: Etapa 2 | B9: BL-006 | C9: Prontuário com Odontograma e Evolução Versionada | D9: Must Have | E9: 6-9 | F9: Não iniciado | J9: RF-020 + RF-026 + CA-Prontuário: nenhuma edição sobrescreve registro; odontograma reflete o estado da data selecionada
A10: Etapa 2 | B10: BL-007 | C10: Anamnese Digital | D10: Must Have | E10: 6-9 | F10: Não iniciado | J10: RF-011: resposta do paciente gera versão congelada, indexada ao prontuário
A11: Etapa 3 | B11: BL-008 | C11: Orçamento Básico | D11: Must Have | E11: 9-12 | F11: Não iniciado | J11: RF-023 + RF-024: aprovação gera itens agendáveis e título a receber automaticamente
A12: Etapa 3 | B12: BL-009 | C12: Financeiro Essencial (A Receber + Pix/Cartão) | D12: Must Have | E12: 9-12 | F12: Não iniciado | J12: RF-030 + RF-032 + CA-Financeiro: baixa automática via webhook em menos de 1 minuto
A13: Etapa 4 | B13: BL-010 | C13: Lembretes WhatsApp | D13: Must Have | E13: 11-13 | F13: Não iniciado | J13: RF-005: disparo nas janelas 48h/24h; resposta atualiza a agenda em tempo real
A14: Etapa 4 | B14: BL-012 | C14: Relatórios Básicos | D14: Must Have | E14: 11-13 | F14: Não iniciado | J14: UC-06 parcial: ocupação de agenda e faturamento do mês em dashboard em tempo real
... A31: Etapa 6 | B31: BL-029 | C31: DICOM e SOC 2 | D31: Won't Have | E31: Bloqueado | F31: Não iniciado | J31: Fase 4

Sheet Resumo por Etapa
A1: Checklist de Construção — GesTec-IA-Odonto (MVP Fase 1)
A2: Etapa | B2: Nome | C2: Semanas | D2: Itens | E2: Must Have | F2: Should Have | G2: Could Have | H2: Won't Have | I2: Dependência Externa | J2: Critério de Saída
A3: 0 | B3: Fundação técnica | C3: 1-3 | D3: =COUNTIFS('Checklist Execução'!$A$3:$A$31,"Etapa "&$A3) | E3: =COUNTIFS('Checklist Execução'!$A$3:$A$31,"Etapa "&$A3,'Checklist Execução'!$D$3:$D$31,"Must Have") | F3: =COUNTIFS('Checklist Execução'!$A$3:$A$31,"Etapa "&$A3,'Checklist Execução'!$D$3:$D$31,"Should Have") | G3: =COUNTIFS('Checklist Execução'!$A$3:$A$31,"Etapa "&$A3,'Checklist Execução'!$D$3:$D$31,"Could Have") | H3: =COUNTIFS('Checklist Execução'!$A$3:$A$31,"Etapa "&$A3,'Checklist Execução'!$D$3:$D$31,"Won't Have") | I3: Nenhuma | J3: CA-Multi-tenant e CA-MOD-2 verdes no pipeline
A4: 1 | B4: Cadastro e Agenda | C4: 3-6 | D4: =COUNTIFS('Checklist Execução'!$A$3:$A$31,"Etapa "&$A4) | E4: =COUNTIFS('Checklist Execução'!$A$3:$A$31,"Etapa "&$A4,'Checklist Execução'!$D$3:$D$31,"Must Have") | F4: =COUNTIFS('Checklist Execução'!$A$3:$A$31,"Etapa "&$A4,'Checklist Execução'!$D$3:$D$31,"Should Have") | G4: =COUNTIFS('Checklist Execução'!$A$3:$A$31,"Etapa "&$A4,'Checklist Execução'!$D$3:$D$31,"Could Have") | H4: =COUNTIFS('Checklist Execução'!$A$3:$A$31,"Etapa "&$A4,'Checklist Execução'!$D$3:$D$31,"Won't Have") | I4: Nenhuma | J4: CA-Agenda e CA-Usabilidade demonstrados
A5: 2 | B5: Prontuário clínico | C5: 6-9 | D5: =COUNTIFS('Checklist Execução'!$A$3:$A$31,"Etapa "&$A5) | E5: =COUNTIFS('Checklist Execução'!$A$3:$A$31,"Etapa "&$A5,'Checklist Execução'!$D$3:$D$31,"Must Have") | F5: =COUNTIFS('Checklist Execução'!$A$3:$A$31,"Etapa "&$A5,'Checklist Execução'!$D$3:$D$31,"Should Have") | G5: =COUNTIFS('Checklist Execução'!$A$3:$A$31,"Etapa "&$A5,'Checklist Execução'!$D$3:$D$31,"Could Have") | H5: =COUNTIFS('Checklist Execução'!$A$3:$A$31,"Etapa "&$A5,'Checklist Execução'!$D$3:$D$31,"Won't Have") | I5: Advisory odontológico (validação do odontograma) | J5: CA-Prontuário demonstrado
A6: 3 | B6: Orçamento e Financeiro | C6: 9-12 | D6: =COUNTIFS('Checklist Execução'!$A$3:$A$31,"Etapa "&$A6) | E6: =COUNTIFS('Checklist Execução'!$A$3:$A$31,"Etapa "&$A6,'Checklist Execução'!$D$3:$D$31,"Must Have") | F6: =COUNTIFS('Checklist Execução'!$A$3:$A$31,"Etapa "&$A6,'Checklist Execução'!$D$3:$D$31,"Should Have") | G6: =COUNTIFS('Checklist Execução'!$A$3:$A$31,"Etapa "&$A6,'Checklist Execução'!$D$3:$D$31,"Could Have") | H6: =COUNTIFS('Checklist Execução'!$A$3:$A$31,"Etapa "&$A6,'Checklist Execução'!$D$3:$D$31,"Won't Have") | I6: Contrato PSP assinado antes do início | J6: CA-Financeiro demonstrado
A7: 4 | B7: Comunicação e Relatórios | C7: 11-13 | D7: =COUNTIFS('Checklist Execução'!$A$3:$A$31,"Etapa "&$A7) | E7: =COUNTIFS('Checklist Execução'!$A$3:$A$31,"Etapa "&$A7,'Checklist Execução'!$D$3:$D$31,"Must Have") | F7: =COUNTIFS('Checklist Execução'!$A$3:$A$31,"Etapa "&$A7,'Checklist Execução'!$D$3:$D$31,"Should Have") | G7: =COUNTIFS('Checklist Execução'!$A$3:$A$31,"Etapa "&$A7,'Checklist Execução'!$D$3:$D$31,"Could Have") | H7: =COUNTIFS('Checklist Execução'!$A$3:$A$31,"Etapa "&$A7,'Checklist Execução'!$D$3:$D$31,"Won't Have") | I7: BSP WhatsApp com templates aprovados (iniciar na Etapa 0) | J7: RF-005 e UC-06 parcial demonstrados
A8: 5 | B8: Should/Could Have | C8: 13-16 | D8: =COUNTIFS('Checklist Execução'!$A$3:$A$31,"Etapa "&$A8) | E8: =COUNTIFS('Checklist Execução'!$A$3:$A$31,"Etapa "&$A8,'Checklist Execução'!$D$3:$D$31,"Must Have") | F8: =COUNTIFS('Checklist Execução'!$A$3:$A$31,"Etapa "&$A8,'Checklist Execução'!$D$3:$D$31,"Should Have") | G8: =COUNTIFS('Checklist Execução'!$A$3:$A$31,"Etapa "&$A8,'Checklist Execução'!$D$3:$D$31,"Could Have") | H8: =COUNTIFS('Checklist Execução'!$A$3:$A$31,"Etapa "&$A8,'Checklist Execução'!$D$3:$D$31,"Won't Have") | I8: Nenhum Must Have pendente | J8: Itens entregues conforme capacidade
A9: 6 | B9: Hardening e go-live | C9: 15-17 | D9: =COUNTIFS('Checklist Execução'!$A$3:$A$31,"Etapa "&$A9) | E9: =COUNTIFS('Checklist Execução'!$A$3:$A$31,"Etapa "&$A9,'Checklist Execução'!$D$3:$D$31,"Must Have") | F9: =COUNTIFS('Checklist Execução'!$A$3:$A$31,"Etapa "&$A9,'Checklist Execução'!$D$3:$D$31,"Should Have") | G9: =COUNTIFS('Checklist Execução'!$A$3:$A$31,"Etapa "&$A9,'Checklist Execução'!$D$3:$D$31,"Could Have") | H9: =COUNTIFS('Checklist Execução'!$A$3:$A$31,"Etapa "&$A9,'Checklist Execução'!$D$3:$D$31,"Won't Have") | I9: Beta com 3-5 clínicas piloto | J9: Release 1.0 do MVP em produção
